residue_number,residue,kint s-1
6,K,13.82976
8,Q,17.81618
10,Y,10.25214
22,F,31.98565
23,L,8.08525
24,N,50.21282
25,C,229.5169
26,Y,50.21282
27,V,5.873272
28,S,44.75222
30,F,22.6441
35,I,4.835063
36,E,9.62117
39,L,4.633894
40,L,4.31084
44,E,12.14513
46,I,8.143566
63,Y,16.36614
64,L,7.844439
65,L,4.31084
66,Y,8.725988
67,Y,15.87869
68,T,25.3838
70,F,10.88613
79,A,29.5675
80,C,109.8537
81,R,111.5647
82,V,8.687206
83,N,58.99492
84,H,113.91728
86,T,16.38916
87,L,11.08056
91,K,13.82976
93,V,3.082337
95,W,13.51496
